feature,importance
league,0.018424615065511123
minute,0.025461695372724778
city,0.03349156800104546
hour,0.054928902017855205
month,0.054951526321853274
year,0.06867481615596321
referee,0.07307876820046352
day,0.08978581300060968
round,0.09903795006198406
venue,0.13558265302554473
home_team,0.14986228084033573
away_team,0.19671941193610928
